features,modele,MSE_A_reseaux_vus,MSE_B_reseaux_inconnus,ecart_type_B
de base,Moyenne constante,0.1134310576809091,0.12120842221608327,0.04114498028998686
de base,Ridge,0.051754097976903175,0.06181701050353713,0.01977697526320146
de base,Boosting (réf.),0.04117073129951322,0.08017799614666829,0.0217529648763683
de base,GAN pur,0.046458710914086904,0.08827384683041797,0.03079861655529758
de base,GAN + MSE,0.05216540127717135,0.07541296674197255,0.02412910764082231
enrichies (+arêtes critiques),Moyenne constante,0.1134310576809091,0.12120842221608327,0.04114498028998686
enrichies (+arêtes critiques),Ridge,0.018392447158797252,0.016328518958684958,0.007398256674768049
enrichies (+arêtes critiques),Boosting (réf.),0.007915406394379322,0.012878764772424538,0.004121219604052421
enrichies (+arêtes critiques),GAN pur,0.012506518925088028,0.01722339149846584,0.006187174052329714
enrichies (+arêtes critiques),GAN + MSE,0.010219063696223052,0.0163762113980781,0.004303241187517221
