reseau_id,banque_id,capital
R01,B01,29.68
R01,B02,59.52
R01,B03,5.83
R01,B04,9.39
R01,B05,1.99
R01,B06,1.33
R01,B07,3.68
R01,B08,0.57
R01,B09,4.70
R01,B10,11.30
R01,B11,23.47
R01,B12,11.47
R01,B13,6.51
R01,B14,1.76
R01,B15,5.13
R01,B16,79.60
R01,B17,7.49
R01,B18,62.68
R01,B19,50.98
R01,B20,3.55
R01,B21,18.34
R01,B22,6.71
R01,B23,5.26
R01,B24,6.30
R01,B25,10.89
R01,B26,1.39
R01,B27,22.98
R01,B28,4.26
R01,B29,0.69
R01,B30,4.48
R01,B31,33.30
R01,B32,20.64
R01,B33,3.65
R01,B34,2.21
R01,B35,26.96
R01,B36,27.10
R01,B37,58.90
R01,B38,14.51
R01,B39,39.26
R01,B40,16.34
R01,B41,3.22
R01,B42,14.67
R01,B43,14.06
R01,B44,13.60
R01,B45,5.96
R01,B46,16.90
R01,B47,31.29
R01,B48,1.55
R01,B49,2.09
R01,B50,1.32
R01,B51,2.45
R01,B52,3.34
R01,B53,1.15
R01,B54,7.10
R01,B55,0.91
R01,B56,92.50
R01,B57,3.64
R01,B58,54.61
R01,B59,66.83
R01,B60,
R02,B01,1.22
R02,B02,17.93
R02,B03,87.43
R02,B04,1.56
R02,B05,5.38
R02,B06,6.16
R02,B07,0.50
R02,B08,2.20
R02,B09,6.28
R02,B10,72.21
R02,B11,3.38
R02,B12,14.82
R02,B13,44.26
R02,B14,28.28
R02,B15,70.08
R02,B16,2.64
R02,B17,18.79
R02,B18,9.39
R02,B19,23.34
R02,B20,10.03
R02,B21,3.82
R02,B22,134.23
R02,B23,3.60
R02,B24,2.10
R02,B25,4.40
R02,B26,23.44
R02,B27,2.42
R02,B28,16.97
R02,B29,4.24
R02,B30,6.70
R02,B31,67.66
R02,B32,54.06
R02,B33,3.49
R02,B34,3.08
R02,B35,19.44
R02,B36,15.00
R02,B37,26.08
R02,B38,7.00
R02,B39,5.11
R02,B40,9.55
R02,B41,5.33
R02,B42,1.04
R02,B43,13.67
R02,B44,0.68
R02,B45,2.96
R02,B46,11.27
R02,B47,9.53
R02,B48,7.62
R02,B49,5.82
R02,B50,45.53
R02,B51,2.26
R02,B52,1.47
R02,B53,25.63
R02,B54,2.70
R02,B55,8.22
R02,B56,1.63
R02,B57,92.56
R02,B58,132.39
R02,B59,8.36
R02,B60,48.70
R03,B01,45.65
R03,B02,18.40
R03,B03,49.35
R03,B04,2.76
R03,B05,11.06
R03,B06,2.23
R03,B07,7.09
R03,B08,8.15
R03,B09,35.23
R03,B10,1.42
R03,B11,31.64
R03,B12,1.49
R03,B13,1.68
R03,B14,12.91
R03,B15,11.02
R03,B16,24.63
R03,B17,53.31
R03,B18,53.41
R03,B19,0.73
R03,B20,0.75
R03,B21,6.30
R03,B22,24.62
R03,B23,24.17
R03,B24,2.86
R03,B25,8.41
R03,B26,18.41
R03,B27,2.05
R03,B28,1.76
R03,B29,0.71
R03,B30,1.63
R03,B31,3.33
R03,B32,14.06
R03,B33,3.14
R03,B34,-22.09
R03,B35,45.27
R03,B36,19.11
R03,B37,55.34
R03,B38,2.11
R03,B39,7.51
R03,B40,83.67
R03,B41,1.23
R03,B42,18.88
R03,B43,22.67
R03,B44,10.23
R03,B45,10.48
R03,B46,8.47
R03,B47,1.90
R03,B48,12.81
R03,B49,7.54
R03,B50,8.26
R03,B51,4.06
R03,B52,15.47
R01,B01,30.68
R03,B53,1.36
R03,B54,18.95
R03,B55,0.87
R03,B56,1.13
R03,B57,1.99
R03,B58,64.73
R03,B59,25.92
R03,B60,6.44
R04,B01,18.81
R04,B02,7.73
R04,B03,42.20
R04,B04,1.56
R04,B05,1.17
R04,B06,5.04
R04,B07,1.24
R04,B08,10.60
R04,B09,19.06
R04,B10,1.30
R04,B11,23.20
R04,B12,5.09
R04,B13,22.55
R04,B14,4.71
R04,B15,8.91
R04,B16,1.12
R04,B17,125.56
R04,B18,14.51
R04,B19,5.71
R04,B20,6.50
R04,B21,10.43
R04,B22,1.04
R04,B23,2.74
R04,B24,10.10
R04,B25,1.19
R04,B26,8.01
R04,B27,1.26
R04,B28,5.79
R04,B29,2.77
R04,B30,0.78
R04,B31,27.09
R04,B32,8.21
R04,B33,31.65
R04,B34,2.15
R04,B35,5.89
R04,B36,48.80
R04,B37,13.03
R04,B38,18.58
R04,B39,13.15
R04,B40,2.54
R04,B41,15.99
R04,B42,53.43
R04,B43,9.53
R04,B44,14.32
R04,B45,8.74
R04,B46,13.03
R04,B47,68.94
R04,B48,4.61
R04,B49,8.98
R04,B50,108.87
R04,B51,1.12
R04,B52,15.41
R04,B53,10.09
R04,B54,2.96
R04,B55,1.81
R04,B56,2.68
R04,B57,38.62
R04,B58,18.36
R04,B59,4.99
R04,B60,92.43
R05,B01,281.96
R05,B02,92.15
R05,B03,42.04
R05,B04,1.65
R05,B05,4.38
R05,B06,5.80
R05,B07,0.64
R05,B08,5.70
R05,B09,19.68
R05,B10,248.29
R05,B11,14.08
R05,B12,27.62
R05,B13,1.22
R05,B14,18.97
R05,B15,15.63
R05,B16,10.92
R05,B17,59.92
R05,B18,4.16
R05,B19,10.20
R05,B20,1.74
R05,B21,60.34
R05,B22,28.41
R05,B23,25.05
R05,B24,2.34
R05,B25,2.02
R05,B26,3.76
R05,B27,1.37
R05,B28,22.30
R05,B29,2.35
R05,B30,74.53
R05,B31,65.58
R05,B32,6.04
R05,B33,4.37
R05,B34,6.95
R05,B35,22.57
R05,B36,35.34
R05,B37,119.84
R05,B38,64.31
R05,B39,105.72
R05,B40,27.17
R05,B41,3.62
R05,B42,2.85
R05,B43,32.17
R05,B44,10.52
R05,B45,5.28
R05,B46,179.66
R05,B47,59.02
R05,B48,2.57
R05,B49,19.57
R05,B50,14.09
R05,B51,3.97
R05,B52,2.18
R05,B53,4.12
R05,B54,3.01
R05,B55,3.64
R05,B56,3.20
R05,B57,0.83
R05,B58,3.94
R05,B59,27.65
R05,B60,23.74
R06,B01,37.39
R06,B02,34.02
R06,B03,0.50
R06,B04,3.58
R06,B05,3.81
R06,B06,32.73
R06,B07,130.79
R06,B08,5.24
R06,B09,31.64
R06,B10,21.10
R06,B11,9.70
R06,B12,9.75
R06,B13,45.02
R06,B14,99.96
R06,B15,7.84
R06,B16,12.10
R06,B17,1.43
R06,B18,27.01
R06,B19,5.36
R06,B20,41.42
R06,B21,9.47
R06,B22,2.50
R06,B23,43.86
R06,B24,31.70
R06,B25,136.10
R06,B26,13.77
R06,B27,5.71
R06,B28,0.50
R06,B29,157.52
R06,B30,22.27
R06,B31,30.99
R06,B32,4.28
R06,B33,14.28
R06,B34,20.17
R06,B35,5.17
R06,B36,58.70
R06,B37,4.82
R06,B38,16.34
R06,B39,1.42
R06,B40,79.34
R06,B41,0.91
R06,B42,118.60
R06,B43,10.60
R06,B44,0.65
R06,B45,13.10
R06,B46,4.78
R06,B47,25.31
R06,B48,7.51
R06,B49,2.51
R06,B50,14.01
R06,B51,16.86
R06,B52,14.24
R06,B53,10.60
R06,B54,0.86
R06,B55,5.96
R06,B56,25.83
R06,B57,85.07
R06,B58,47.68
R06,B59,7.04
R06,B60,9.04
R07,B01,5.22
R07,B02,1.51
R07,B03,0.72
R07,B04,148.73
R07,B05,9.98
R07,B06,14.09
R07,B07,48.13
R07,B08,5.04
R07,B09,37.21
R07,B10,0.88
R07,B11,64.02
R07,B12,1.71
R07,B13,61.43
R07,B14,17.01
R07,B15,54.16
R07,B16,11.67
R07,B17,16.92
R07,B18,1.40
R07,B19,61.34
R07,B20,84.81
R07,B21,1.98
R07,B22,0.81
R07,B23,3.41
R07,B24,92.10
R07,B25,14.08
R07,B26,56.28
R07,B27,41.65
R07,B28,26.46
R07,B29,3.30
R07,B30,2.38
R07,B31,10.98
R07,B32,2.44
R07,B33,5.48
R07,B34,24.08
R07,B35,42.32
R07,B36,124.47
R07,B37,3.60
R07,B38,4.76
R07,B39,3.21
R07,B40,1.46
R07,B41,26.33
R07,B42,7.06
R07,B43,18.57
R07,B44,2.21
R07,B45,1.60
R07,B46,17.23
R07,B47,4.71
R07,B48,15.61
R07,B49,14.35
R07,B50,2.76
R07,B51,1.93
R07,B52,2.03
R07,B53,93.49
R07,B54,99.49
R07,B55,3.70
R07,B56,6.10
R07,B57,20.88
R07,B58,4.11
R07,B59,3.81
R07,B60,1.46
R08,B01,16.03
R08,B02,2.22
R08,B03,1.46
R08,B04,5.46
R08,B05,12.92
R08,B06,18.17
R08,B07,3.18
R08,B08,3.74
R08,B09,47.65
R08,B10,2.68
R08,B11,20.52
R08,B12,28.20
R08,B13,15.10
R08,B14,5.88
R08,B15,72.40
R08,B16,2.15
R08,B17,0.50
R08,B18,4.38
R08,B19,5.73
R08,B20,3.54
R08,B21,0.50
R08,B22,39.67
R08,B23,6.57
R08,B24,12.56
R08,B25,1.70
R08,B26,9.32
R08,B27,18.78
R08,B28,0.80
R08,B29,2.80
R08,B30,1.04
R08,B31,5.19
R08,B32,34.24
R08,B33,47.84
R08,B34,2.53
R08,B35,13.65
R08,B36,1.61
R08,B37,5.61
R08,B38,0.87
R08,B39,18.14
R08,B40,3.44
R08,B41,10.18
R08,B42,22.98
R08,B43,20.04
R08,B44,0.82
R08,B45,6.16
R08,B46,43.65
R08,B47,4.62
R08,B48,7.69
R08,B49,1.64
R08,B50,4.23
R08,B51,48.81
R08,B52,2.05
R08,B53,1.38
R08,B54,5.41
R08,B55,3.01
R08,B56,1.19
R08,B57,2.73
R08,B58,24.74
R08,B59,0.69
R08,B60,2.13
R09,B01,1.98
R09,B02,22.49
R09,B03,2.84
R09,B04,1.57
R09,B05,27.33
R09,B06,9.76
R09,B07,23.53
R09,B08,1.15
R09,B09,1.63
R09,B10,6.43
R09,B11,18.38
R09,B12,9.09
R09,B13,3.09
R09,B14,14.41
R09,B15,9.86
R09,B16,33.87
R09,B17,16.45
R09,B18,142.96
R09,B19,1.72
R09,B20,3.11
R09,B21,2.60
R09,B22,15.90
R09,B23,2.82
R09,B24,24.67
R09,B25,26.61
R09,B26,0.99
R09,B27,19.18
R09,B28,51.42
R09,B29,30.48
R09,B30,11.53
R09,B31,19.42
R09,B32,10.86
R09,B33,34.86
R09,B34,0.77
R09,B35,11.93
R09,B36,5.13
R09,B37,27.98
R09,B38,38.19
R09,B39,17.86
R09,B40,25.82
R09,B41,1.07
R09,B42,1.88
R09,B43,1.22
R09,B44,3.14
R09,B45,6.12
R09,B46,42.65
R09,B47,20.48
R09,B48,8.83
R09,B49,28.29
R09,B50,1.51
R09,B51,48.13
R09,B52,19.08
R09,B53,39.76
R09,B54,15.50
R09,B55,53.01
R09,B56,5.36
R09,B57,0.76
R09,B58,6.87
R09,B59,7.29
R09,B60,1.60
R10,B01,4.10
R10,B02,2.07
R10,B03,2.92
R10,B04,1.54
R10,B05,48.24
R10,B06,6.70
R10,B07,1.39
R10,B08,30.55
R10,B09,6.78
R10,B10,5.84
R10,B11,0.90
R10,B12,5.80
R10,B13,3.24
R10,B14,9.75
R10,B15,20.00
R10,B16,39.04
R10,B17,1.68
R10,B18,1.10
R10,B19,1.55
R10,B20,5.42
R10,B21,57.36
R10,B22,33.83
R10,B23,16.56
R10,B24,1.89
R10,B25,31.75
R10,B26,5.13
R10,B27,35.62
R10,B28,5.39
R10,B29,4.09
R10,B30,0.80
R10,B31,0.85
R10,B32,2.39
R10,B33,6.48
R10,B34,3.49
R10,B35,2.35
R10,B36,1.60
R10,B37,10.39
R10,B38,3.35
R10,B39,4.31
R10,B40,1.62
R10,B41,160.83
R10,B42,63.40
R10,B43,22.25
R10,B44,3.16
R10,B45,5.14
R10,B46,2.09
R10,B47,15.24
R10,B48,114.76
R10,B49,71.35
R10,B50,4.26
R10,B51,3.58
R10,B52,5.20
R10,B53,1.45
R10,B54,3.24
R10,B55,23.83
R10,B56,65.43
R10,B57,2.06
R10,B58,1.45
R10,B59,3.08
R10,B60,6.29
R11,B01,2.88
R11,B02,7.71
R11,B03,11.04
R11,B04,12.62
R11,B05,19.80
R11,B06,1.37
R11,B07,1.05
R11,B08,2.61
R11,B09,1.66
R11,B10,16.05
R11,B11,0.80
R11,B12,1.62
R11,B13,26.33
R11,B14,0.91
R11,B15,0.60
R11,B16,18.79
R11,B17,18.27
R11,B18,19.77
R11,B19,14.67
R11,B20,0.55
R11,B21,12.65
R11,B22,7.17
R11,B23,4.60
R11,B24,3.97
R11,B25,1.55
R11,B26,4.00
R11,B27,19.69
R11,B28,16.34
R11,B29,14.59
R11,B30,37.04
R11,B31,17.65
R11,B32,2.02
R11,B33,61.04
R11,B34,25.09
R11,B35,4.48
R11,B36,2.20
R11,B37,2.17
R11,B38,4.51
R11,B39,2.15
R11,B40,18.38
R11,B41,45.95
R11,B42,3.85
R11,B43,20.43
R11,B44,31.09
R11,B45,24.81
R11,B46,8.26
R11,B47,1.09
R11,B48,10.64
R11,B49,2.39
R11,B50,1.40
R11,B51,15.07
R11,B52,1.36
R11,B53,23.68
R11,B54,19.26
R11,B55,5.04
R11,B56,2.23
R11,B57,16.67
R11,B58,0.63
R11,B59,1.19
R11,B60,1.12
R12,B01,1.75
R12,B02,1.02
R12,B03,7.05
R12,B04,7.78
R12,B05,0.50
R12,B06,15.19
R12,B07,2.35
R12,B08,37.39
R12,B09,0.50
R12,B10,12.32
R12,B11,52.17
R12,B12,0.53
R12,B13,3.13
R12,B14,3.41
R12,B15,4.84
R12,B16,2.09
R12,B17,1.28
R12,B18,4.48
R12,B19,5.70
R12,B20,18.16
R12,B21,15.88
R12,B22,23.47
R12,B23,8.26
R12,B24,31.69
R12,B25,0.73
R12,B26,0.00
R12,B27,0.91
R12,B28,0.95
R12,B29,3.19
R12,B30,2.22
R12,B31,23.49
R12,B32,62.70
R12,B33,74.29
R12,B34,72.57
R12,B35,3.06
R12,B36,1.37
R12,B37,0.50
R12,B38,1.08
R12,B39,1.29
R12,B40,0.50
R12,B41,50.71
R12,B42,41.35
R12,B43,16.31
R12,B44,0.69
R12,B45,17.62
R12,B46,17.91
R12,B48,0.87
R12,B49,1.19
R12,B50,4.86
R12,B51,1.20
R12,B52,1.70
R12,B53,0.89
R12,B54,6.04
R12,B55,2.05
R12,B56,21.64
R12,B57,1.74
R12,B58,0.70
R12,B59,22.11
R12,B60,16.95
