reseau_id,debiteur_id,creancier_id,montant
R01,B01,B46,43.54
R01,B02,B11,41.32
R01,B02,B12,14.56
R01,B02,B31,110.13
R01,B02,B42,106.93
R01,B02,B44,45.90
R12,B30,B33,9.77
R01,B02,B46,39.98
R01,B02,B47,14.90
R01,B02,B48,20.27
R01,B02,B56,37.76
R01,B02,B60,18.12
R01,B03,B19,203.95
R01,B03,B46,14.68
R01,B04,B02,125.05
R01,B04,B56,22.90
R01,B05,B16,36.01
R01,B06,B36,26.84
R01,B06,B37,137.45
R01,B07,B47,76.20
R01,B07,B60,56.45
R01,B08,B37,134.07
R01,B09,B36,71.71
R01,B09,B37,84.17
R01,B10,B27,34.55
R01,B11,B02,114.23
R01,B11,B56,327.69
R01,B12,B02,24.00
R01,B13,B56,81.85
R01,B14,B47,61.64
R02,B7,B13,9.00
R01,B15,B36,16.83
R01,B15,B37,19.50
R01,B16,B02,18.42
R01,B16,B05,16.88
R01,B16,B42,18.25
R01,B16,B44,8.70
R01,B16,B47,112.59
R01,B16,B56,67.05
R01,B16,B57,19.77
R01,B16,B60,2.66
R01,B19,B01,159.26
R01,B19,B02,28.25
R01,B19,B27,7.50
R01,B19,B35,142.29
R01,B19,B36,45.95
R01,B19,B39,75.09
R01,B19,B49,14.98
R01,B19,B54,20.83
R01,B19,B58,52.67
R01,B21,B02,15.13
R01,B22,B27,53.63
R01,B23,B19,13.99
R01,B23,B36,18.58
R01,B26,B47,33.43
R01,B26,B56,300.61
R01,B27,B10,23.29
R01,B27,B22,65.35
R01,B27,B32,82.77
R01,B27,B36,33.19
R01,B27,B37,30.02
R01,B27,B46,14.34
R01,B29,B46,73.19
R01,B30,B19,5.22
R01,B30,B37,2.91
R01,B31,B60,59.99
R01,B33,B27,16.48
R01,B34,B16,430.50
R01,B34,B60,20.88
R01,B35,B19,12.11
R01,B36,B19,18.12
R01,B36,B23,27.09
R01,B36,B27,13.30
R01,B36,B32,36.94
R01,B36,B37,87.52
R01,B36,B40,194.04
R01,B36,B46,38.13
R01,B36,B47,6.93
R01,B36,B58,137.16
R01,B37,B06,8.81
R01,B37,B19,84.61
R01,B37,B24,50.08
R01,B37,B25,29.22
R01,B37,B35,17.94
R01,B37,B36,14.42
R01,B37,B43,95.44
R01,B37,B46,14.01
R01,B37,B56,6.93
R01,B38,B60,536.57
R01,B40,B19,17.99
R01,B40,B27,5.36
R01,B40,B36,40.58
R01,B41,B02,185.50
R01,B41,B47,6.05
R01,B41,B60,25.40
R01,B42,B02,3.88
R01,B42,B16,14.11
R01,B44,B02,62.47
R01,B46,B17,30.16
R01,B46,B19,4.81
R01,B46,B23,3.03
R01,B46,B24,15.28
R01,B46,B27,25.29
R12,B30,B30,15.00
R01,B46,B36,14.98
R01,B46,B37,64.33
R01,B46,B45,21.89
R01,B47,B02,9.81
R01,B47,B16,126.18
R01,B47,B21,127.52
R01,B47,B28,14.76
R01,B47,B36,63.22
R01,B47,B44,23.06
R01,B47,B60,28.20
R01,B48,B16,26.03
R01,B50,B02,32.43
R01,B51,B16,6.06
R01,B51,B60,31.71
R01,B52,B60,452.59
R01,B54,B19,4.26
R01,B54,B37,53.85
R01,B56,B02,30.70
R01,B56,B11,6.84
R01,B56,B12,40.89
R01,B56,B13,35.12
R01,B56,B36,39.27
R01,B56,B47,80.06
R01,B56,B52,25.86
R01,B56,B59,314.69
R01,B56,B60,10.91
R01,B57,B16,37.25
R01,B59,B56,19.53
R01,B60,B02,12.63
R01,B60,B04,76.66
R01,B60,B07,26.50
R01,B60,B12,1.48
R01,B60,B16,27.24
R01,B60,B18,433.89
R01,B60,B21,1.45
R01,B60,B38,32.40
R01,B60,B41,29.27
R01,B60,B47,18.90
R01,B60,B56,42.94
R02,B01,B10,79.30
R02,B02,B06,24.13
R02,B02,B13,25.95
R02,B02,B14,84.89
R02,B02,B22,21.59
R02,B02,B44,3.20
R02,B02,B55,19.18
R02,B02,B58,11.66
R02,B02,B60,19.29
R02,B03,B58,55.95
R02,B03,B60,13.51
R02,B04,B60,6.89
R02,B05,B10,27.61
R02,B06,B13,6.10
R02,B06,B60,35.26
R02,B07,B13,11.50
R02,B07,B58,12.45
R02,B08,B26,12.10
R02,B09,B13,14.59
R02,B10,B01,3.81
R02,B10,B11,15.74
R02,B10,B12,62.20
R02,B10,B13,9.29
R02,B10,B15,22.82
R02,B10,B19,74.40
R02,B10,B26,11.67
R02,B10,B31,116.68
R02,B10,B32,52.64
R02,B10,B35,65.65
R02,B10,B40,20.20
R02,B10,B47,38.05
R02,B10,B50,25.49
R02,B10,B53,33.19
R02,B12,B10,297.40
R02,B13,B02,13.87
R02,B13,B03,18.81
R02,B13,B09,35.34
R02,B13,B14,160.49
R02,B13,B22,49.68
R02,B13,B26,45.35
R02,B13,B55,21.13
R02,B13,B58,76.54
R02,B13,B60,11.35
R02,B14,B02,11.00
R02,B14,B13,6.49
R02,B15,B10,22.63
R02,B15,B53,23.22
R02,B16,B32,54.23
R02,B17,B13,141.05
R02,B18,B13,4.36
R02,B18,B58,269.60
R02,B19,B26,2.09
R02,B19,B50,5.87
R02,B20,B02,3.67
R02,B20,B58,100.81
R02,B21,B58,17.77
R02,B21,B60,27.57
R02,B22,B02,56.41
R02,B22,B13,32.61
R02,B22,B17,50.36
R02,B22,B27,9.84
R02,B22,B32,38.11
R02,B22,B58,24.72
R02,B22,B60,16.54
R02,B23,B50,67.45
R02,B24,B22,34.56
R02,B26,B10,-7.36
R02,B26,B15,109.36
R02,B26,B53,8.32
R02,B26,B59,13.62
R02,B27,B58,172.88
R02,B29,B13,4.00
R02,B29,B58,35.74
R02,B30,B32,54.37
R02,B31,B10,40.15
R02,B31,B50,90.70
R02,B31,B53,14.49
R02,B32,B10,9.45
R02,B32,B25,3.74
R02,B32,B26,87.62
R02,B32,B30,17.71
R02,B32,B35,45.85
R02,B32,B38,25.86
R02,B32,B50,11.00
R02,B32,B53,45.41
R02,B33,B58,83.48
R02,B33,B60,30.67
R02,B34,B10,6.83
R02,B35,B10,22.08
R02,B35,B32,19.10
R02,B36,B13,9.29
R02,B36,B22,47.09
R02,B36,B60,108.65
R02,B37,B50,27.63
R02,B38,B32,24.37
R02,B38,B53,50.54
R02,B39,B13,26.50
R02,B40,B26,7.68
R02,B41,B02,9.05
R02,B41,B13,5.97
R02,B42,B32,107.40
R02,B43,B58,199.79
R02,B44,B60,8.73
R02,B45,B58,28.32
R02,B46,B22,529.95
R02,B46,B58,17.89
R02,B46,B60,46.52
R02,B47,B32,55.01
R02,B48,B58,27.31
R02,B49,B53,76.01
R02,B50,B10,22.65
R02,B50,B22,135.09
R02,B50,B26,22.24
R02,B50,B32,11.75
R02,B50,B53,4.88
R02,B50,B57,424.21
R02,B52,B32,103.82
R02,B52,B50,62.43
R02,B53,B10,19.46
R02,B53,B12,11.27
R02,B53,B13,17.85
R02,B53,B25,14.31
R02,B53,B26,17.92
R02,B53,B32,49.99
R02,B53,B37,62.48
R02,B53,B42,4.53
R02,B53,B50,8.44
R02,B54,B60,102.43
R02,B55,B60,33.16
R02,B56,B10,112.32
R02,B58,B02,3.12
R02,B58,B03,293.19
R02,B58,B07,1.21
R02,B58,B13,6.08
R02,B58,B20,42.92
R02,B58,B33,13.57
R02,B58,B43,88.89
R02,B58,B46,66.06
R02,B58,B60,38.19
R02,B59,B26,36.40
R02,B60,B02,14.51
R02,B60,B13,6.02
R02,B60,B22,6.03
R02,B60,B28,57.13
R02,B60,B32,17.40
R02,B60,B33,1.64
R02,B60,B36,80.41
R02,B60,B54,7.13
R02,B60,B58,11.33
R03,B01,B03,45.66
R03,B01,B05,65.37
R03,B01,B07,6.28
R03,B01,B17,37.15
R03,B01,B23,15.07
R03,B01,B36,101.39
R03,B01,B37,49.07
R03,B01,B43,5.26
R03,B01,B45,11.06
R03,B01,B53,10.69
R03,B01,B59,6.19
R03,B02,B08,15.87
R03,B02,B25,18.09
R03,B03,B01,1.95
R03,B03,B04,25.67
R03,B03,B15,10.83
R03,B03,B16,209.88
R03,B03,B17,5.27
R03,B03,B18,115.30
R03,B03,B23,21.99
R03,B03,B26,49.39
R03,B03,B35,26.15
R03,B03,B37,31.91
R03,B03,B40,51.53
R03,B03,B43,19.85
R03,B03,B57,13.05
R03,B03,B59,20.24
R03,B03,B60,43.86
R03,B04,B43,6.34
R03,B04,B55,4.16
R03,B05,B01,23.64
R03,B06,B03,10.19
R03,B06,B40,21.24
R03,B07,B01,33.72
R03,B08,B56,7.06
R03,B09,B03,30.87
R03,B09,B37,6.18
R03,B10,B39,19.11
R03,B10,B40,2.32
R03,B10,B48,5.71
R03,B11,B01,16.75
R03,B11,B03,22.87
R03,B11,B15,38.35
R03,B11,B17,166.91
R03,B11,B18,38.10
R03,B11,B23,10.07
R03,B11,B34,15.48
R03,B11,B35,52.52
R03,B11,B36,55.20
R03,B11,B37,21.37
R03,B11,B40,296.10
R03,B11,B43,5.68
R03,B11,B48,60.62
R03,B11,B54,19.22
R03,B12,B03,224.62
R03,B12,B47,8.32
R03,B13,B15,10.68
R03,B13,B18,74.17
R03,B14,B13,2.12
R03,B14,B38,7.16
R03,B15,B03,15.61
R03,B15,B11,42.85
R03,B15,B31,4.02
R03,B15,B45,2.91
R03,B15,B58,15.10
R03,B16,B11,17.77
R03,B17,B03,18.24
R03,B17,B11,100.78
R03,B17,B13,2.39
R03,B18,B01,52.51
R03,B18,B03,4.13
R03,B18,B11,20.37
R03,B18,B24,25.73
R03,B18,B35,29.61
R03,B18,B49,22.50
R03,B18,B54,13.40
R03,B18,B58,60.98
R03,B19,B14,2.84
R03,B19,B25,5.75
R03,B19,B43,6.73
R03,B20,B35,170.43
R03,B21,B07,8.68
R03,B21,B14,3.59
R03,B22,B19,1.49
R03,B22,B26,34.80
R03,B22,B35,71.32
R03,B22,B45,4.63
R03,B23,B01,13.16
R03,B23,B03,17.88
R03,B23,B11,148.01
R03,B23,B18,4.41
R03,B23,B20,5.14
R03,B23,B33,14.04
R03,B23,B35,6.58
R03,B23,B37,2.94
R03,B23,B40,25.95
R03,B23,B42,137.54
R03,B23,B54,23.94
R03,B24,B11,38.90
R03,B24,B27,3.63
R03,B24,B45,19.91
R03,B25,B03,32.63
R03,B25,B14,8.30
R03,B26,B58,8.19
R03,B27,B11,29.55
R03,B27,B16,25.43
R03,B28,B01,25.61
R03,B29,B03,17.15
R03,B29,B05,3.70
R03,B29,B07,7.34
R03,B29,B38,4.24
R03,B31,B05,10.78
R03,B31,B22,18.72
R03,B31,B35,32.33
R03,B31,B37,23.33
R03,B32,B23,27.93
R03,B32,B26,3.17
R03,B32,B50,8.16
R03,B32,B52,8.86
R03,B32,B54,14.76
R03,B33,B18,235.54
R03,B33,B23,17.37
R03,B34,B02,10.36
R03,B34,B40,4.04
R03,B34,B51,2.59
R03,B35,B01,16.52
R03,B35,B11,13.16
R03,B35,B18,41.75
R03,B35,B22,73.58
R03,B35,B23,45.17
R03,B35,B32,34.27
R03,B35,B37,15.21
R03,B35,B40,22.07
R03,B35,B43,21.64
R03,B35,B54,9.04
R03,B36,B26,13.56
R03,B36,B37,106.14
R03,B37,B01,11.11
R03,B37,B03,16.23
R03,B37,B08,10.46
R03,B37,B09,77.07
R03,B37,B11,3.77
R03,B37,B13,10.16
R03,B37,B18,23.73
R03,B37,B23,7.86
R03,B37,B35,46.89
R03,B37,B36,72.99
R03,B37,B40,70.07
R03,B37,B43,20.52
R03,B37,B50,8.44
R03,B37,B52,60.55
R03,B37,B54,8.63
R03,B37,B58,25.60
R03,B38,B01,26.96
R03,B39,B40,6.37
R03,B39,B45,7.39
R03,B39,B53,5.00
R03,B40,B01,15.13
R03,B40,B03,5.97
R03,B40,B10,2.94
R03,B40,B18,5.24
R03,B40,B21,74.25
R03,B40,B23,31.08
R03,B40,B34,163.41
R03,B40,B35,9.92
R03,B40,B37,10.01
R03,B40,B39,3.22
R03,B40,B54,51.28
R03,B41,B18,51.36
R03,B41,B45,45.12
R03,B41,B49,5.60
R03,B42,B01,20.75
R03,B42,B40,5.71
R03,B43,B01,5.31
R03,B43,B02,8.99
R03,B43,B11,10.49
R03,B43,B19,4.23
R03,B43,B34,20.18
R03,B43,B35,54.66
R03,B43,B37,10.00
R03,B43,B46,28.35
R03,B43,B47,8.99
R03,B43,B54,14.14
R03,B44,B59,15.48
R03,B45,B01,142.39
R03,B45,B23,8.69
R03,B45,B26,5.61
R03,B45,B29,3.82
R03,B45,B54,65.05
R03,B46,B33,10.28
R03,B46,B35,179.16
R03,B46,B43,6.58
R03,B47,B16,6.37
R03,B47,B23,65.34
R03,B47,B43,109.39
R03,B47,B45,5.03
R03,B47,B48,3.66
R03,B48,B11,38.61
R03,B48,B35,12.16
R03,B48,B40,133.19
R03,B48,B44,4.09
R03,B49,B16,7.29
R03,B49,B18,15.24
R03,B49,B28,12.56
R03,B50,B06,15.83
R03,B50,B58,6.22
R03,B51,B04,2.48
R03,B51,B18,31.80
R03,B51,B37,35.27
R03,B51,B54,82.91
R03,B52,B24,3.62
R03,B52,B37,142.75
R03,B52,B54,15.84
R03,B53,B01,22.64
R03,B53,B05,22.08
R03,B53,B06,7.76
R03,B53,B34,6.97
R03,B53,B43,69.92
R03,B54,B01,83.42
R03,B54,B02,65.37
R03,B54,B03,23.57
R03,B54,B10,11.66
R03,B54,B14,10.22
R03,B54,B18,23.18
R03,B54,B23,52.51
R03,B54,B43,8.63
R03,B54,B44,39.05
R03,B54,B51,24.69
R03,B55,B01,25.85
R03,B55,B26,5.75
R03,B55,B27,1.77
R03,B56,B54,15.06
R03,B57,B03,43.33
R03,B57,B43,108.24
R03,B57,B60,3.64
R03,B58,B03,65.37
R03,B58,B37,9.52
R03,B59,B03,4.84
R03,B59,B22,10.65
R03,B59,B38,3.97
R03,B59,B39,6.37
R03,B60,B31,9.40
R03,B60,B48,15.75
R04,B01,B17,7.45
R04,B01,B20,5.52
R04,B01,B38,20.34
R04,B01,B57,37.80
R04,B03,B11,13.25
R04,B03,B15,5.54
R04,B03,B19,18.08
R04,B03,B21,5.12
R04,B03,B24,40.40
R04,B03,B26,27.68
R04,B03,B37,72.91
R04,B03,B38,41.34
R04,B03,B55,17.72
R04,B03,B56,13.22
R04,B03,B57,39.14
R04,B03,B59,33.37
R04,B04,B15,5.48
R04,B05,B37,4.33
R04,B06,B15,103.83
R04,B06,B32,69.21
R04,B06,B38,5.99
R04,B08,B29,23.13
R04,B08,B42,53.17
R04,B09,B29,3.75
R04,B09,B38,27.97
R04,B10,B09,9.18
R04,B10,B24,8.96
R04,B10,B31,31.66
R04,B10,B38,50.60
R04,B10,B51,7.91
R04,B11,B03,15.32
R04,B11,B05,11.58
R04,B11,B12,24.58
R04,B11,B13,325.91
R04,B11,B15,63.76
R04,B11,B17,22.28
R04,B11,B18,3.62
R04,B11,B21,27.79
R04,B11,B31,33.33
R04,B11,B38,36.25
R04,B11,B42,11.83
R04,B11,B44,115.37
R04,B12,B11,14.68
R04,B12,B41,5.40
R04,B13,B53,27.41
R04,B14,B17,15.67
R04,B14,B37,14.32
R04,B15,B02,68.46
R04,B15,B03,11.18
R04,B15,B06,40.36
R04,B15,B08,38.09
R04,B15,B11,17.23
R04,B15,B21,2.67
R04,B15,B23,6.83
R04,B15,B31,49.50
R04,B15,B32,21.23
R04,B15,B35,10.17
R04,B15,B37,16.72
R04,B15,B38,25.19
R04,B15,B47,281.92
R04,B15,B50,574.93
R04,B15,B52,130.30
R04,B15,B57,29.24
R04,B15,B60,25.32
R04,B16,B03,40.55
R04,B16,B31,19.80
R04,B16,B48,4.34
R02,B18,B13,7.77
R04,B17,B11,23.04
R04,B17,B15,2.38
R04,B17,B16,4.69
R04,B17,B43,8.36
R04,B17,B60,5.59
R04,B18,B20,10.39
R04,B18,B57,38.62
R04,B19,B30,3.11
R04,B20,B11,29.35
R04,B20,B28,4.01
R04,B20,B41,10.29
R04,B20,B47,3.13
R04,B21,B03,50.37
R04,B21,B11,7.66
R04,B21,B12,5.50
R04,B21,B15,26.26
R04,B21,B28,35.95
R04,B21,B37,3.98
R04,B21,B38,10.76
R04,B21,B39,186.08
R04,B21,B42,74.56
R04,B21,B43,10.48
R04,B21,B46,34.07
R04,B21,B49,32.05
R04,B21,B57,61.68
R04,B22,B38,27.80
R04,B23,B08,2.67
R04,B26,B03,5.78
R04,B26,B20,7.35
R04,B26,B33,4.14
R04,B26,B46,1.95
R04,B27,B02,5.18
R04,B27,B32,44.83
R04,B27,B58,3.11
R04,B28,B21,4.41
R04,B28,B35,3.69
R04,B28,B57,14.20
R04,B29,B24,6.47
R04,B29,B42,94.94
R04,B30,B14,6.45
R04,B30,B21,145.05
R04,B30,B42,887.67
R04,B31,B03,2.92
R04,B31,B11,8.07
R04,B31,B15,4.47
R04,B31,B16,4.02
R04,B31,B19,30.22
R04,B31,B21,14.14
R04,B31,B32,30.32
R04,B31,B33,152.59
R04,B31,B36,169.11
R04,B31,B38,91.75
R04,B31,B42,16.14
R04,B31,B43,126.28
R04,B31,B52,14.07
R04,B31,B57,19.91
R04,B31,B60,310.41
R04,B32,B03,38.57
R04,B32,B11,19.39
R04,B32,B17,246.19
R04,B32,B21,89.70
R04,B32,B27,5.15
R04,B32,B31,14.39
R04,B32,B37,61.89
R04,B32,B57,25.68
R04,B32,B58,38.53
R04,B33,B11,4.67
R04,B33,B24,3.88
R04,B33,B41,4.66
R04,B33,B47,8.05
R04,B33,B48,8.37
R04,B34,B19,9.93
R04,B34,B33,4.91
R04,B34,B42,4.62
R04,B34,B52,27.38
R04,B36,B02,3.25
R04,B36,B20,2.33
R04,B36,B31,74.25
R04,B36,B38,8.67
R04,B37,B04,15.39
R04,B37,B11,29.09
R04,B37,B18,8.28
R04,B37,B31,34.43
R04,B37,B32,24.66
R04,B37,B41,15.11
R04,B37,B42,27.47
R04,B37,B48,15.95
R04,B37,B57,28.11
R04,B38,B01,40.94
R04,B38,B09,34.34
R04,B38,B15,3.62
R04,B38,B24,100.90
R04,B38,B32,9.29
R04,B38,B36,103.22
R04,B38,B37,33.64
R04,B38,B42,21.55
R04,B38,B45,12.06
R04,B38,B50,64.30
R04,B38,B57,87.56
R04,B38,B58,233.46
R04,B38,B59,29.64
R04,B39,B14,7.80
R04,B41,B14,2.03
R04,B41,B36,8.76
R04,B41,B39,6.43
R04,B41,B42,14.91
R04,B42,B03,26.64
R04,B42,B08,14.91
R04,B42,B11,31.97
R04,B42,B15,3.75
R04,B42,B30,6.74
R04,B42,B32,10.35
R04,B42,B37,13.00
R04,B42,B38,13.31
R04,B42,B41,35.99
R04,B42,B57,8.97
R04,B43,B16,3.96
R04,B43,B21,46.62
R04,B43,B31,37.58
R04,B43,B57,19.06
R04,B44,B03,10.01
R04,B45,B30,1.91
R04,B45,B38,14.22
R04,B46,B21,26.06
R04,B46,B43,4.89
R04,B46,B54,1.70
R04,B47,B46,4.48
R04,B48,B11,33.06
R04,B48,B33,15.98
R04,B48,B37,56.28
R04,B48,B57,48.86
R04,B49,B21,26.06
R04,B50,B15,16.54
R04,B50,B38,43.25
R04,B51,B09,13.83
R04,B51,B15,14.07
R04,B51,B20,2.18
R04,B51,B36,1.45
R04,B52,B09,8.51
R04,B52,B31,14.96
R04,B53,B49,5.96
R04,B53,B56,6.87
R04,B54,B20,10.14
R04,B54,B26,5.55
R04,B54,B34,11.00
R04,B54,B57,94.44
R04,B55,B03,7.52
R04,B55,B09,9.78
R04,B55,B18,8.12
R04,B55,B57,108.45
R04,B56,B03,248.42
R04,B56,B32,12.42
R04,B56,B37,11.63
R04,B57,B01,62.76
R04,B57,B03,72.75
R04,B57,B11,13.27
R04,B57,B15,23.93
R04,B57,B18,22.15
R04,B57,B31,11.58
R04,B57,B32,21.96
R04,B57,B35,10.53
R04,B57,B37,7.27
R04,B57,B38,38.09
R04,B57,B42,16.19
R04,B57,B45,21.00
R04,B57,B53,18.03
R04,B57,B54,34.37
R04,B58,B24,1.57
R04,B58,B27,3.19
R04,B58,B42,9.31
R04,B59,B03,7.31
R04,B60,B03,90.21
R04,B60,B14,12.31
R04,B60,B55,7.03
R05,B01,B03,8.98
R05,B01,B05,16.23
R05,B01,B06,14.85
R05,B01,B17,178.45
R05,B01,B19,33.02
R05,B01,B23,17.00
R05,B01,B30,10.09
R05,B01,B37,50.36
R05,B01,B39,34.14
R05,B01,B40,39.74
R05,B01,B43,130.23
R05,B01,B46,69.71
R05,B01,B47,534.19
R05,B01,B49,61.27
R05,B01,B50,61.69
R05,B01,B59,49.70
R05,B03,B01,61.24
R05,B03,B30,327.69
R05,B03,B31,28.62
R05,B04,B46,749.23
R05,B05,B01,88.84
R05,B06,B31,69.83
R05,B07,B39,31.75
R05,B08,B30,26.92
R05,B08,B31,55.23
R05,B08,B39,196.83
R05,B09,B01,5.78
R05,B10,B01,32.84
R05,B10,B39,5.64
R05,B11,B46,159.92
R05,B12,B30,36.02
R05,B12,B39,3.71
R05,B13,B39,55.30
R05,B14,B01,26.17
R05,B14,B23,7.32
R05,B15,B23,15.30
R05,B15,B30,13.62
R05,B15,B31,179.59
R05,B16,B01,83.32
R05,B16,B30,22.55
R05,B16,B39,46.45
R05,B17,B01,3.73
R05,B18,B30,30.29
R05,B19,B01,24.43
R05,B19,B30,29.89
R05,B20,B39,16.52
R05,B23,B01,9.92
R05,B23,B02,147.99
R05,B23,B09,125.15
R05,B23,B11,31.84
R05,B23,B15,62.46
R05,B23,B31,5.55
R05,B23,B39,85.23
R05,B23,B42,11.11
R05,B23,B46,30.22
R05,B23,B60,42.73
R05,B24,B23,34.81
R05,B24,B39,10.13
R05,B25,B39,53.25
R05,B26,B01,147.15
R05,B26,B30,35.90
R05,B26,B46,34.16
R05,B27,B23,4.78
R05,B27,B31,21.90
R05,B27,B46,32.86
R05,B28,B46,21.16
R05,B29,B46,30.09
R05,B30,B08,10.96
R05,B30,B12,36.27
R05,B30,B23,51.20
R05,B30,B31,6.07
R05,B30,B35,84.14
R05,B30,B38,135.42
R05,B30,B39,10.22
R05,B30,B46,29.28
R05,B30,B50,3.79
R05,B30,B60,15.21
R05,B31,B01,2.97
R05,B31,B03,230.53
R05,B31,B06,16.76
R05,B31,B10,9.19
R05,B31,B12,40.98
R05,B31,B23,24.46
R05,B31,B27,5.15
R05,B31,B30,37.30
R05,B31,B36,38.32
R05,B31,B37,269.77
R05,B31,B39,77.09
R05,B31,B46,5.40
R05,B31,B51,14.54
R05,B32,B31,28.53
R05,B34,B23,2.70
R05,B34,B46,9.18
R05,B35,B46,208.07
R05,B36,B01,135.89
R05,B36,B23,57.36
R05,B36,B31,63.90
R05,B37,B01,8.64
R05,B37,B31,59.47
R05,B38,B39,7.37
R05,B38,B46,280.89
R05,B39,B01,8.98
R05,B39,B10,412.45
R05,B39,B12,25.67
R05,B39,B14,117.48
R05,B39,B16,18.92
R05,B39,B21,7.07
R05,B39,B23,25.49
R05,B39,B25,7.02
R05,B39,B30,9.35
R05,B39,B31,9.58
R05,B39,B38,81.12
R05,B39,B40,73.63
R05,B39,B47,24.84
R05,B39,B59,32.51
R05,B41,B01,112.01
R05,B41,B31,6.93
R05,B41,B46,18.60
R05,B42,B30,39.48
R05,B44,B30,84.70
R05,B45,B01,174.06
R05,B45,B39,18.68
R05,B46,B01,13.69
R05,B46,B02,75.68
R05,B46,B17,23.47
R05,B46,B21,158.09
R05,B46,B22,149.76
R05,B46,B28,49.77
R05,B46,B30,16.06
R05,B46,B32,38.59
R05,B46,B35,34.11
R05,B46,B39,12.41
R05,B46,B49,3.90
R05,B47,B01,47.94
R05,B47,B39,3.72
R05,B47,B46,31.76
R05,B48,B01,2.02
R05,B48,B39,9.73
R05,B48,B46,20.63
R05,B49,B01,69.37
R05,B49,B23,11.32
R05,B50,B01,37.08
R05,B50,B30,5.02
R05,B50,B31,12.54
R05,B51,B31,3.87
R05,B52,B23,21.98
R05,B52,B39,27.34
R05,B53,B01,62.34
R05,B53,B23,47.54
R05,B55,B01,13.83
R05,B56,B31,21.31
R05,B57,B01,15.46
R05,B57,B31,145.63
R05,B57,B39,260.27
R05,B58,B01,43.15
R05,B58,B30,17.19
R05,B59,B01,17.51
R05,B59,B31,58.82
R05,B60,B23,17.95
R06,B01,B40,26.69
R06,B02,B53,47.64
R06,B03,B27,9.71
R06,B03,B38,8.94
R06,B03,B58,41.80
R06,B04,B19,9.44
R06,B04,B23,34.85
R06,B04,B42,15.08
R06,B04,B46,13.09
R06,B04,B57,6.50
R06,B05,B14,60.50
R06,B05,B29,33.70
R06,B05,B44,4.45
R06,B05,B46,23.69
R06,B05,B60,3.46
R06,B06,B07,12.49
R06,B06,B13,158.03
R06,B06,B14,17.93
R06,B06,B18,60.33
R06,B06,B23,15.52
R06,B06,B24,76.46
R06,B06,B25,48.23
R06,B06,B29,32.19
R06,B06,B36,3.64
R06,B06,B40,93.58
R06,B06,B42,10.13
R06,B06,B43,3.53
R06,B06,B47,7.63
R06,B06,B51,17.63
R06,B06,B52,35.82
R06,B07,B06,54.12
R06,B07,B08,3.09
R06,B07,B10,8.26
R06,B07,B13,55.89
R06,B07,B14,58.99
R06,B07,B23,7.39
R06,B07,B24,118.91
R06,B07,B25,5.44
R06,B07,B29,16.57
R06,B07,B38,42.67
R06,B07,B40,2.54
R06,B07,B47,13.62
R06,B07,B49,7.88
R06,B07,B58,8.10
R06,B08,B07,30.58
R06,B08,B13,15.66
R06,B08,B31,5.35
R06,B08,B36,4.77
R06,B08,B47,143.68
R06,B08,B57,59.29
R06,B08,B59,47.00
R06,B09,B13,3.73
R06,B09,B14,32.84
R06,B09,B23,4.23
R06,B10,B07,2.21
R06,B10,B40,184.07
R06,B11,B40,156.40
R06,B12,B05,8.10
R06,B12,B23,8.82
R06,B12,B47,15.26
R06,B12,B60,3.40
R06,B13,B07,48.32
R06,B13,B43,2.36
R06,B14,B06,24.21
R06,B14,B09,137.66
R06,B14,B21,60.49
R06,B14,B23,36.43
R06,B14,B25,15.38
R06,B14,B29,22.31
R06,B14,B35,25.48
R06,B14,B36,18.54
R06,B14,B37,12.06
R06,B14,B40,9.04
R06,B14,B45,74.32
R06,B14,B57,28.85
R06,B15,B13,3.88
R06,B15,B25,66.28
R06,B15,B28,1.07
R06,B15,B40,82.09
R06,B15,B56,10.84
R06,B15,B58,93.31
R06,B16,B18,2.52
R06,B16,B20,6.74
R06,B18,B15,2.31
R06,B19,B13,9.90
R06,B19,B42,6.50
R06,B19,B45,2.52
R06,B19,B58,9.01
R06,B20,B31,12.95
R06,B20,B35,6.07
R06,B20,B48,4.40
R06,B21,B12,7.06
R06,B21,B18,6.10
R06,B21,B29,36.82
R06,B22,B06,36.09
R06,B22,B36,7.83
R06,B23,B06,11.35
R06,B23,B07,93.93
R06,B23,B10,1.74
R06,B23,B25,12.43
R06,B23,B29,332.83
R06,B23,B40,8.80
R06,B23,B43,16.07
R06,B23,B45,35.17
R06,B23,B47,12.36
R06,B23,B57,17.86
R06,B23,B58,13.47
R06,B24,B57,148.81
R06,B25,B02,84.23
R06,B25,B06,48.84
R06,B25,B23,35.41
R06,B25,B29,13.61
R06,B25,B30,4.02
R06,B25,B32,18.61
R06,B25,B40,12.88
R06,B25,B47,15.93
R06,B25,B53,62.56
R06,B25,B55,29.10
R06,B25,B57,63.84
R06,B25,B60,65.19
R06,B26,B58,43.27
R06,B27,B14,15.66
R06,B28,B03,2.06
R06,B28,B14,10.33
R06,B28,B25,8.93
R06,B29,B01,12.00
R06,B29,B06,17.61
R06,B29,B14,22.95
R06,B29,B20,51.25
R06,B29,B23,6.66
R06,B29,B25,23.22
R06,B29,B30,120.83
R06,B29,B34,50.43
R06,B29,B38,27.34
R06,B29,B57,7.09
R06,B29,B58,11.43
R06,B30,B23,49.00
R06,B30,B29,238.24
R06,B30,B34,6.72
R06,B30,B51,11.43
R06,B31,,2.17
R06,B31,B41,4.63
R06,B31,B57,27.65
R06,B32,B14,57.92
R06,B32,B36,2.71
R06,B34,B18,1.57
R06,B34,B29,21.18
R06,B34,B47,20.85
R06,B34,B57,5.39
R06,B35,B14,5.59
R06,B35,B19,6.49
R06,B35,B20,3.52
R06,B35,B29,74.65
R06,B36,B10,6.60
R06,B36,B14,18.79
R06,B36,B26,15.22
R06,B37,B59,1.67
R06,B38,B02,3.98
R06,B38,B07,126.59
R06,B38,B12,15.03
R06,B38,B14,140.48
R06,B38,B26,11.31
R06,B40,B02,5.80
R06,B40,B06,2.38
R06,B40,B07,107.58
R06,B40,B10,55.86
R06,B40,B11,15.21
R06,B40,B14,22.61
R06,B40,B16,51.83
R06,B40,B23,8.75
R06,B40,B29,
R06,B40,B33,42.29
R06,B40,B36,29.88
R06,B40,B42,65.99
R06,B40,B47,23.08
R06,B40,B57,3.95
R06,B41,B04,9.54
R06,B41,B13,4.92
R06,B41,B29,75.07
R06,B41,B56,1.34
R06,B42,B57,305.11
R06,B43,B06,24.21
R06,B43,B25,85.73
R06,B43,B30,4.10
R06,B44,B07,21.91
R06,B44,B13,19.08
R06,B46,B29,9.35
R06,B46,B40,77.61
R06,B46,B48,23.43
R06,B46,B57,18.63
R06,B47,B06,36.57
R06,B47,B07,5.09
R06,B47,B08,20.55
R06,B47,B12,6.41
R06,B47,B25,202.27
R06,B47,B29,17.39
R06,B47,B40,12.81
R06,B47,B56,137.64
R06,B47,B57,7.17
R06,B47,B58,13.14
R06,B48,B07,77.30
R06,B49,B07,12.86
R06,B50,B11,8.68
R06,B50,B13,3.71
R06,B50,B29,14.90
R06,B52,B53,4.84
R06,B53,B14,126.71
R06,B55,B24,2.84
R06,B55,B25,230.26
R06,B55,B58,40.75
R06,B56,B23,38.00
R06,B56,B29,2.46
R06,B56,B47,56.51
R06,B57,B01,57.74
R06,B57,B06,16.94
R06,B57,B07,171.53
R06,B57,B18,25.09
R06,B57,B23,10.28
R06,B57,B24,13.30
R06,B57,B25,92.01
R06,B57,B29,24.45
R06,B57,B31,53.24
R06,B57,B40,4.11
R06,B57,B42,52.22
R06,B57,B52,26.42
R06,B57,B58,7.97
R06,B58,B06,22.40
R06,B58,B07,27.57
R06,B58,B14,19.07
R06,B58,B15,44.10
R06,B58,B19,9.67
R06,B58,B23,9.06
R06,B58,B25,12.23
R06,B58,B26,45.78
R06,B58,B29,6.20
R06,B58,B47,14.11
R06,B58,B50,36.10
R06,B59,B23,120.70
R06,B60,B59,2.15
R07,B04,B06,42.63
R07,B04,B07,50.05
R07,B04,B09,18.47
R07,B04,B19,60.69
R07,B04,B34,11.83
R07,B04,B43,10.68
R07,B04,B53,484.58
R07,B05,B09,10.60
R07,B06,B04,183.26
R07,B06,B07,4.76
R07,B06,B09,33.16
R07,B06,B15,163.86
R07,B06,B19,59.10
R07,B06,B31,13.80
R07,B06,B34,37.74
R07,B06,B43,36.79
R07,B06,B49,0.00
R07,B07,B06,49.44
R07,B07,B11,7.48
R07,B07,B13,8.59
R07,B07,B15,71.97
R07,B07,B19,34.10
R07,B07,B24,92.66
R07,B07,B34,18.94
R07,B07,B41,n/a
R07,B07,B48,18.26
R07,B07,B57,109.29
R07,B08,B31,43.10
R07,B09,B03,4.11
R07,B09,B07,63.72
R07,B09,B15,18.69
R07,B09,B19,18.89
R07,B09,B20,250.30
R07,B09,B30,9.54
R07,B09,B33,32.97
R07,B09,B34,70.29
R07,B09,B37,37.47
R07,B09,B48,25.51
R07,B10,B07,148.71
R07,B10,B09,71.63
R07,B10,B34,12.25
R07,B11,B01,19.72
R07,B11,B04,61.80
R07,B11,B06,12.42
R07,B11,B07,20.55
R07,B11,B09,20.26
R07,B11,B13,20.60
R07,B11,B16,38.16
R07,B11,B19,22.56
R07,B11,B28,40.41
R07,B11,B31,16.55
R07,B11,B34,17.24
R07,B11,B35,15.17
R07,B11,B43,46.87
R07,B11,B48,48.90
R07,B11,B58,5.88
R07,B12,B04,60.82
R07,B12,B09,16.38
R07,B13,B04,38.33
R07,B13,B19,31.81
R07,B13,B28,8.46
R07,B13,B41,46.65
R07,B13,B43,34.20
R07,B14,B41,197.20
R07,B15,B04,34.51
R07,B15,B06,11.74
R07,B15,B07,9.81
R07,B15,B34,22.31
R07,B15,B41,20.29
R07,B15,B42,92.22
R07,B15,B55,10.91
R07,B15,B57,22.95
R07,B17,B48,14.01
R07,B19,B04,50.61
R07,B19,B06,21.01
R07,B19,B09,4.02
R07,B19,B13,18.78
R07,B19,B15,32.19
R07,B19,B25,27.64
R07,B19,B28,9.46
R07,B19,B31,8.02
R07,B19,B41,17.94
R07,B19,B43,14.53
R07,B19,B48,6.82
R07,B20,B48,28.15
R07,B21,B09,65.28
R07,B22,B11,23.41
R07,B23,B04,41.37
R07,B23,B11,64.89
R07,B23,B15,27.69
R07,B24,B57,80.17
R07,B25,B04,30.31
R07,B25,B19,153.00
R07,B27,B04,6.25
R07,B27,B31,8.46
R07,B28,B07,26.27
R07,B28,B09,7.67
R07,B28,B19,43.53
R07,B28,B31,24.69
R07,B28,B36,529.25
R07,B28,B48,11.19
R07,B28,B57,5.61
R07,B29,B13,95.41
R07,B29,B19,19.42
R07,B29,B31,14.36
R07,B31,B04,37.26
R07,B31,B07,52.72
R07,B31,B13,9.99
R07,B31,B14,8.12
R07,B31,B15,4.36
R07,B31,B27,122.18
R07,B31,B28,54.96
R07,B31,B34,7.78
R07,B31,B54,559.97
R07,B32,B11,36.10
R07,B32,B13,152.54
R07,B32,B41,48.54
R07,B33,B09,21.48
R07,B33,B28,263.45
R07,B34,B04,10.06
R07,B34,B09,36.20
R07,B34,B26,203.87
R07,B34,B27,163.55
R07,B34,B28,13.08
R07,B34,B35,41.46
R07,B34,B48,29.54
R07,B34,B54,15.12
R07,B34,B57,5.13
R07,B35,B11,27.79
R07,B38,B04,3.34
R07,B38,B34,13.55
R07,B40,B15,63.55
R07,B41,B02,8.00
R07,B41,B04,9.00
R07,B41,B05,48.55
R07,B41,B11,89.64
R07,B41,B13,49.75
R07,B41,B14,19.37
R07,B41,B43,16.76
R07,B41,B48,5.24
R07,B42,B04,215.27
R07,B42,B15,10.65
R07,B43,B04,55.47
R07,B43,B06,26.96
R07,B43,B09,18.62
R07,B43,B15,9.61
R07,B43,B19,38.08
R07,B43,B28,6.39
R07,B43,B31,23.20
R07,B43,B34,5.77
R07,B43,B39,7.07
R07,B43,B46,43.22
R07,B45,B11,100.82
R07,B47,B04,38.39
R07,B47,B09,115.80
R07,B48,B13,2.17
R07,B48,B17,184.03
R07,B48,B20,41.20
R07,B48,B34,7.75
R07,B48,B43,26.42
R07,B49,B06,4.84
R07,B50,B04,28.86
R07,B52,B04,93.63
R07,B53,B04,47.84
R07,B54,B04,128.72
R07,B54,B31,2.26
R07,B54,B34,9.54
R07,B55,B15,78.83
R07,B56,B09,16.16
R07,B57,B07,14.68
R07,B57,B13,26.19
R07,B57,B15,69.75
R07,B57,B24,46.76
R07,B57,B31,11.97
R07,B57,B34,37.18
R07,B57,B41,26.90
R07,B57,B43,22.94
R07,B58,B11,111.83
R07,B58,B43,23.29
R07,B59,B15,41.55
R07,B60,B04,21.34
R08,B01,B22,29.65
R08,B02,B12,17.98
R08,B04,B27,281.60
R08,B05,B22,58.21
R08,B06,B27,130.87
R08,B06,B32,371.32
R08,B07,B24,3.68
R08,B08,B33,19.13
R08,B08,B43,23.96
R08,B10,B32,106.79
R08,B10,B58,59.87
R08,B11,B16,16.92
R08,B11,B22,6.71
R08,B11,B24,24.23
R08,B11,B35,38.99
R08,B11,B41,53.02
R08,B11,B43,4.44
R08,B12,B02,7.87
R08,B12,B09,4.68
R08,B12,B13,102.10
R08,B12,B18,17.79
R08,B12,B26,31.36
R08,B12,B27,8.71
R08,B12,B32,4.69
R08,B12,B42,239.24
R08,B12,B48,29.54
R08,B12,B58,32.34
R08,B14,B24,48.63
R08,B14,B33,23.72
R08,B16,B11,92.84
R08,B16,B33,113.00
R08,B17,B33,5.75
R08,B18,B12,17.89
R08,B19,B24,8.44
R08,B20,B32,69.48
R08,B21,B33,27.56
R08,B22,B01,66.91
R08,B22,B05,9.51
R08,B22,B11,19.32
R08,B22,B14,35.82
R08,B22,B27,8.28
R08,B22,B29,24.35
R08,B22,B33,9.41
R08,B22,B36,9.98
R08,B22,B39,162.84
R08,B22,B43,4.05
R08,B22,B50,17.64
R08,B22,B58,7.90
R08,B22,B60,19.13
R08,B23,B22,83.05
R08,B23,B43,140.32
R08,B24,B05,71.24
R08,B24,B07,47.43
R08,B24,B17,3.33
R08,B24,B19,66.03
R08,B24,B22,16.64
R08,B24,B23,44.83
R08,B24,B32,11.30
R08,B24,B43,18.36
R08,B24,B45,36.75
R08,B25,B12,51.99
R08,B27,B03,16.64
R08,B27,B06,30.41
R08,B27,B12,18.56
R08,B27,B15,243.70
R08,B27,B26,45.76
R08,B27,B32,56.55
R08,B27,B33,11.40
R08,B27,B48,67.30
R08,B27,B51,246.58
R08,B27,B52,24.45
R08,B27,B54,10.78
R08,B27,B57,30.10
R08,B27,B58,4.62
R08,B29,B22,186.34
R08,B30,B24,25.20
R08,B31,B48,18.27
R08,B31,B58,51.57
R08,B32,B04,67.73
R08,B32,B09,96.90
R08,B32,B12,16.32
R08,B32,B37,12.85
R08,B32,B46,248.88
R08,B32,B56,8.90
R08,B32,B58,29.42
R08,B33,B22,12.83
R08,B33,B24,16.79
R08,B33,B35,87.91
R08,B33,B36,12.04
R08,B33,B43,48.81
R08,B33,B50,46.19
R08,B34,B32,12.17
R08,B35,B11,185.04
R08,B35,B43,31.99
R08,B36,B22,87.52
R08,B36,B33,82.66
R08,B37,B27,23.67
R08,B37,B32,23.54
R08,B37,B58,1.12
R08,B38,B11,270.19
R08,B39,B24,83.99
R08,B39,B43,65.94
R08,B40,B43,9.07
R08,B42,B12,4.20
R08,B42,B32,7.94
R08,B43,B08,32.33
R08,B43,B24,32.54
R08,B43,B33,148.61
R08,B43,B39,56.87
R08,B43,B45,13.43
R08,B44,B22,105.13
R08,B44,B24,9.99
R08,B46,B32,7.48
R08,B47,B32,27.68
R08,B47,B48,12.53
R08,B48,B06,5.26
R08,B48,B12,19.50
R08,B48,B22,17.41
R08,B48,B24,71.73
R08,B48,B27,20.92
R08,B48,B32,44.15
R08,B48,B58,22.39
R08,B49,B11,7.15
R08,B49,B33,23.26
R08,B50,B22,22.21
R08,B50,B33,532.50
R08,B53,B12,508.58
R08,B53,B58,202.40
R08,B54,B48,74.52
R08,B55,B11,20.60
R08,B55,B22,23.18
R08,B56,B32,26.10
R08,B58,B10,15.08
R08,B58,B12,15.09
R08,B58,B27,35.39
R08,B58,B31,20.04
R08,B58,B32,11.97
R08,B58,B34,26.03
R08,B58,B37,37.67
R08,B58,B48,54.67
R08,B58,B53,22.64
R08,B59,B32,18.89
R08,B60,B24,19.00
R09,B01,B14,8.14
R09,B01,B33,180.30
R09,B02,B14,53.39
R09,B02,B17,29.79
R09,B02,B21,10.85
R09,B02,B25,5.85
R09,B02,B33,34.35
R09,B02,B38,16.79
R09,B02,B48,9.72
R09,B02,B49,63.46
R09,B02,B53,413.68
R09,B03,B48,11.22
R09,B04,B31,6.15
R09,B05,B29,50.03
R09,B06,B29,29.58
R09,B07,B16,131.89
R09,B07,B25,41.99
R09,B08,B55,12.34
R09,B09,B28,63.62
R09,B09,B35,34.64
R09,B10,B29,31.55
R09,B11,B14,32.48
R09,B11,B49,51.50
R09,B12,B27,23.26
R09,B12,B31,48.75
R09,B12,B49,25.99
R09,B14,B02,20.52
R09,B14,B18,24.47
R09,B14,B24,89.88
R09,B14,B25,15.33
R09,B14,B27,28.43
R09,B14,B29,36.08
R09,B14,B30,1.66
R09,B14,B33,29.92
R09,B14,B38,47.66
R09,B14,B49,29.80
R09,B16,B07,45.23
R09,B16,B25,26.89
R09,B16,B30,6.36
R09,B16,B38,40.05
R09,B16,B48,9.46
R09,B16,B58,15.78
R09,B18,B14,12.19
R09,B19,B29,21.03
R09,B20,B14,22.97
R09,B20,B35,35.47
R09,B20,B38,40.71
R09,B22,B31,68.09
R09,B23,B02,5.98
R09,B24,B14,26.17
R09,B25,B02,14.03
R09,B25,B07,91.67
R09,B25,B18,470.06
R09,B25,B28,24.90
R09,B25,B29,33.13
R09,B25,B31,21.24
R09,B25,B45,15.07
R09,B25,B46,160.48
R09,B25,B55,341.84
R09,B26,B48,2.84
R09,B26,B51,428.73
R09,B27,B28,15.41
R09,B27,B29,17.68
R09,B27,B33,19.77
R09,B27,B47,78.89
R09,B27,B51,19.02
R09,B27,B55,36.60
R09,B28,B14,20.33
R09,B28,B16,5.08
R09,B28,B29,60.70
R09,B28,B38,57.96
R09,B28,B51,25.91
R09,B28,B54,72.62
R09,B29,B02,98.93
R09,B29,B06,27.52
R09,B29,B10,29.32
R09,B29,B16,25.52
R09,B29,B28,40.98
R09,B29,B33,9.47
R09,B29,B43,4.97
R09,B29,B46,66.10
R09,B29,B51,11.42
R09,B29,B55,9.95
R09,B30,B16,18.35
R09,B31,B02,22.42
R09,B31,B12,36.83
R09,B31,B14,30.89
R09,B31,B16,39.49
R09,B31,B22,22.27
R09,B31,B27,13.18
R09,B31,B29,58.62
R09,B31,B30,57.65
R09,B31,B38,7.49
R09,B31,B48,14.80
R09,B31,B49,80.51
R09,B31,B52,5.63
R09,B31,B55,31.75
R09,B31,B56,50.98
R09,B32,B35,6.11
R09,B33,B16,7.47
R09,B33,B22,44.41
R09,B33,B27,36.39
R09,B33,B28,38.40
R09,B33,B29,6.90
R09,B33,B37,206.89
R09,B33,B45,1.98
R09,B33,B46,24.38
R09,B33,B47,95.91
R09,B33,B58,32.26
R09,B34,B55,3.47
R09,B35,B25,46.11
R09,B35,B28,72.75
R09,B35,B29,9.96
R09,B35,B31,20.42
R09,B35,B32,45.18
R09,B35,B33,18.94
R09,B35,B38,15.12
R09,B35,B49,5.75
R09,B35,B55,40.98
R09,B35,B57,8.01
R09,B36,B55,110.43
R09,B38,B02,9.28
R09,B38,B14,10.31
R09,B38,B29,4.27
R09,B38,B31,54.83
R09,B38,B35,25.54
R09,B38,B52,52.10
R09,B39,B25,124.22
R09,B39,B51,13.45
R09,B40,B38,173.33
R09,B41,B28,39.88
R09,B42,B49,84.68
R09,B43,B29,43.09
R09,B43,B48,17.99
R09,B44,B33,1.09
R09,B44,B48,17.41
R09,B45,B02,15.20
R09,B45,B33,11.40
R09,B46,B25,14.08
R09,B46,B33,200.30
R09,B47,B27,84.99
R09,B47,B51,102.23
R09,B48,B07,5.31
R09,B48,B16,12.93
R09,B48,B25,8.12
R09,B48,B27,8.63
R09,B48,B28,5.58
R09,B48,B31,62.87
R09,B48,B33,6.66
R09,B48,B38,9.88
R09,B48,B40,232.92
R09,B48,B49,3.95
R09,B49,B02,18.54
R09,B49,B11,65.67
R09,B49,B12,37.30
R09,B49,B14,22.83
R09,B49,B15,17.44
R09,B49,B25,38.24
R09,B49,B42,16.60
R09,B49,B59,7.52
R09,B51,B02,10.86
R09,B51,B22,17.18
R09,B51,B25,45.62
R09,B51,B28,25.10
R09,B51,B29,16.81
R09,B51,B35,6.56
R09,B51,B39,149.09
R09,B51,B47,44.61
R09,B52,B31,9.84
R09,B55,B02,78.07
R09,B55,B05,170.03
R09,B55,B13,20.01
R09,B55,B28,53.64
R09,B55,B33,68.62
R09,B55,B36,39.86
R09,B55,B38,5.67
R09,B55,B48,4.84
R09,B55,B49,19.89
R09,B55,B59,44.36
R09,B56,B35,4.17
R09,B57,B35,22.11
R09,B58,B16,47.31
R09,B58,B27,26.23
R09,B58,B33,12.79
R09,B60,B31,50.70
R09,B60,B35,7.11
R10,B01,B25,15.89
R10,B02,B48,22.43
R10,B02,B55,74.36
R10,B03,B05,97.58
R10,B03,B42,68.83
R10,B03,B55,16.54
R10,B04,B05,31.77
R10,B05,B17,13.31
R10,B05,B19,14.03
R10,B05,B25,15.35
R10,B05,B41,30.65
R10,B05,B42,48.16
R10,B05,B47,45.83
R10,B05,B48,3.99
R10,B05,B49,185.02
R10,B05,B52,24.24
R10,B05,B55,21.96
R10,B05,B60,26.94
R10,B06,B05,111.98
R10,B07,B25,8.11
R10,B07,B41,11.78
R10,B07,B55,20.20
R10,B08,B41,234.98
R10,B09,B48,19.33
R10,B11,B05,42.56
R10,B12,B25,3.74
R10,B13,B55,13.00
R10,B14,B25,40.81
R10,B14,B41,72.64
R10,B16,B05,13.00
R10,B16,B41,43.39
R10,B16,B48,1.79
R10,B17,B05,9.66
R10,B19,B42,11.13
R10,B20,B05,33.25
R10,B20,B42,2.72
R10,B21,B05,33.91
R10,B21,B25,15.15
R10,B22,B25,160.95
R10,B24,B41,12.14
R10,B25,B01,7.06
R10,B25,B05,20.08
R10,B25,B12,27.62
R10,B25,B21,66.76
R10,B25,B22,82.85
R10,B25,B23,69.34
R10,B25,B27,39.55
R10,B25,B40,9.10
R10,B25,B41,10.94
R10,B25,B42,27.14
R10,B25,B45,26.69
R10,B25,B47,37.53
R10,B25,B55,29.11
R10,B25,B59,18.43
R10,B26,B41,802.45
R10,B26,B42,26.90
R10,B28,B25,7.82
R10,B29,B05,136.13
R10,B29,B42,9.70
R10,B32,B41,103.70
R10,B34,B25,64.90
R10,B34,B48,2.50
R10,B35,B05,7.52
R10,B36,B05,86.97
R10,B36,B42,40.58
R10,B36,B55,24.14
R10,B37,B48,50.97
R10,B38,B41,14.48
R10,B39,B41,10.35
R10,B39,B48,623.20
R10,B41,B01,14.46
R10,B41,B08,157.94
R10,B41,B14,48.22
R10,B41,B16,21.42
R10,B41,B25,28.93
R10,B41,B39,19.78
R10,B41,B42,53.79
R10,B41,B48,98.63
R10,B41,B55,51.86
R10,B41,B56,125.02
R10,B42,B01,4.01
R10,B42,B03,34.38
R10,B42,B05,17.52
R10,B42,B10,22.56
R10,B42,B18,3.68
R10,B42,B20,43.00
R10,B42,B25,15.55
R10,B42,B29,29.26
R10,B42,B33,27.30
R10,B42,B41,26.45
R10,B42,B48,104.49
R10,B42,B50,14.14
R10,B42,B54,24.65
R10,B42,B55,24.33
R10,B44,B42,8.87
R10,B45,B25,194.53
R10,B48,B05,40.31
R10,B48,B06,39.30
R10,B48,B09,50.58
R10,B48,B16,38.48
R10,B48,B25,10.97
R10,B48,B28,19.47
R10,B48,B31,5.60
R10,B48,B33,10.30
R10,B48,B37,54.83
R10,B48,B41,17.31
R10,B48,B42,33.80
R10,B48,B43,88.79
R10,B48,B55,39.42
R10,B48,B56,26.68
R10,B48,B57,9.55
R10,B48,B60,32.93
R10,B49,B05,3.82
R10,B49,B25,54.93
R10,B50,B25,61.15
R10,B50,B42,8.60
R10,B53,B42,3.67
R10,B54,B42,73.15
R10,B55,B05,56.93
R10,B55,B09,6.85
R10,B55,B12,8.51
R10,B55,B13,15.66
R10,B55,B15,78.65
R10,B55,B25,47.68
R10,B55,B26,19.60
R10,B55,B27,45.06
R10,B55,B30,7.41
R10,B55,B41,16.16
R10,B55,B48,17.28
R10,B57,B25,6.27
R10,B58,B55,91.35
R10,B59,B55,24.47
R10,B60,B48,8.50
R10,B60,B55,11.27
R11,B01,B54,81.91
R11,B02,B04,42.80
R11,B02,B05,21.73
R11,B02,B16,9.87
R11,B02,B18,22.40
R11,B02,B22,22.82
R11,B02,B26,12.67
R11,B02,B32,7.23
R11,B02,B41,5.78
R11,B02,B44,110.69
R11,B02,B51,14.90
R11,B02,B58,7.87
R11,B04,B02,14.10
R11,B05,B41,84.84
R11,B07,B29,13.49
R11,B08,B19,87.89
R11,B08,B54,91.92
R11,B09,B41,57.08
R11,B10,B19,12.32
R11,B12,B29,35.21
R11,B14,B53,195.02
R11,B16,B02,13.08
R11,B16,B22,19.85
R11,B16,B24,18.46
R11,B16,B41,7.90
R11,B16,B53,27.64
R11,B16,B54,10.32
R11,B18,B16,23.69
R11,B18,B22,42.08
R11,B18,B25,17.71
R11,B18,B31,3.46
R11,B18,B37,25.11
R11,B18,B38,38.71
R11,B18,B47,11.47
R11,B18,B54,12.97
R02,B13,B13,3.20
R11,B18,B55,14.73
R11,B18,B57,17.56
R11,B18,B59,10.42
R11,B19,B05,46.52
R11,B19,B08,27.85
R11,B19,B26,45.60
R11,B19,B33,416.19
R11,B19,B41,91.83
R11,B19,B51,67.90
R11,B19,B54,21.97
R11,B21,B41,89.08
R11,B22,B18,10.40
R11,B22,B26,17.00
R11,B22,B31,38.89
R11,B22,B40,75.49
R11,B22,B41,14.31
R11,B22,B43,220.71
R11,B22,B45,13.33
R11,B22,B53,14.37
R11,B22,B56,23.27
R11,B23,B16,46.35
R11,B23,B55,15.44
R11,B24,B29,22.21
R11,B25,B51,65.49
R11,B25,B55,11.02
R11,B26,B18,8.89
R11,B26,B22,16.41
R11,B26,B30,15.50
R11,B26,B31,30.64
R11,B26,B42,27.48
R11,B26,B51,14.83
R11,B26,B53,12.89
R11,B26,B55,6.52
R11,B27,B02,6.54
R11,B27,B41,87.58
R11,B27,B54,34.20
R11,B28,B41,45.16
R11,B29,B02,16.66
R11,B29,B13,105.40
R11,B29,B18,14.78
R11,B29,B19,16.32
R11,B29,B20,5.85
R11,B29,B23,24.25
R11,B29,B26,12.94
R11,B29,B30,98.71
R11,B29,B45,96.55
R11,B29,B55,36.05
R11,B30,B02,6.53
R11,B30,B16,18.28
R11,B30,B18,19.37
R11,B30,B22,13.89
R11,B30,B29,27.27
R11,B30,B34,88.46
R11,B30,B41,51.60
R11,B30,B42,10.21
R11,B30,B50,6.14
R11,B30,B53,11.14
R11,B30,B57,44.54
R11,B31,B08,13.77
R11,B31,B16,24.03
R11,B31,B18,26.12
R11,B31,B19,7.12
R11,B31,B26,7.32
R11,B31,B34,17.26
R11,B31,B41,42.40
R11,B31,B45,28.82
R11,B31,B51,15.77
R11,B31,B53,35.66
R11,B32,B51,26.56
R11,B33,B19,56.27
R11,B34,B30,147.86
R11,B34,B31,57.31
R11,B35,B16,14.35
R11,B36,B31,163.33
R11,B37,B18,40.75
R11,B39,B16,13.47
R11,B39,B19,25.09
R11,B40,B53,43.38
R11,B41,B05,8.92
R11,B41,B16,9.25
R11,B41,B17,67.17
R11,B41,B18,10.46
R11,B41,B19,10.23
R11,B41,B21,50.41
R11,B41,B22,71.55
R11,B41,B27,89.46
R11,B41,B28,138.11
R11,B41,B29,10.67
R11,B41,B30,78.83
R11,B41,B45,11.97
R11,B41,B51,16.19
R11,B41,B53,12.37
R11,B42,B22,10.45
R11,B42,B26,29.27
R11,B42,B30,13.39
R11,B43,B18,51.43
R11,B43,B22,30.05
R11,B44,B51,7.59
R11,B45,B02,10.31
R11,B45,B18,18.23
R11,B45,B46,55.04
R12,B30,B61,11.00
R11,B45,B48,31.15
R11,B45,B51,6.91
R11,B45,B53,40.44
R11,B46,B19,26.32
R11,B46,B22,6.14
R11,B47,B29,73.84
R11,B48,B45,21.37
R11,B49,B51,35.68
R11,B50,B30,6.79
R11,B50,B41,2.75
R11,B50,B45,24.95
R11,B51,B03,35.42
R11,B51,B18,9.27
R11,B51,B22,30.62
R11,B51,B25,5.05
R11,B51,B26,24.01
R11,B51,B38,9.58
R11,B51,B45,64.19
R11,B51,B54,13.35
R11,B52,B02,26.24
R11,B52,B30,9.53
R11,B53,B01,11.78
R11,B53,B11,3.86
R11,B53,B19,26.25
R11,B53,B35,50.76
R11,B53,B40,115.68
R11,B53,B41,24.33
R11,B53,B51,18.75
R11,B53,B54,36.30
R11,B53,B55,12.65
R11,B54,B02,52.69
R11,B54,B10,40.40
R11,B54,B18,66.47
R11,B54,B27,10.13
R11,B54,B30,51.46
R11,B54,B39,9.98
R11,B54,B51,11.18
R11,B54,B53,9.80
R11,B55,B14,4.77
R11,B55,B16,17.17
R11,B55,B17,6.79
R11,B55,B18,18.70
R11,B55,B19,12.57
R11,B55,B26,36.68
R11,B55,B29,50.75
R11,B55,B41,24.90
R11,B55,B54,18.20
R11,B56,B41,183.68
R11,B57,B30,23.44
R11,B59,B30,181.94
R11,B60,B22,16.50
R12,B02,B08,42.51
R12,B04,B33,16.22
R12,B04,B59,44.19
R12,B05,B33,55.85
R12,B06,B33,20.35
R12,B06,B41,36.11
R12,B07,B20,49.39
R12,B08,B18,70.88
R12,B08,B20,22.32
R12,B08,B31,126.42
R12,B08,B32,64.56
R12,B08,B33,11.49
R12,B08,B41,21.84
R12,B08,B45,29.14
R12,B08,B46,49.22
R12,B08,B54,100.28
R12,B08,B59,6.08
R12,B09,B08,136.65
R12,B11,B32,15.80
R12,B12,B32,28.43
R12,B12,B33,75.73
R12,B13,B41,26.50
R12,B14,B32,6.73
R12,B15,B41,12.72
R12,B15,B59,18.94
R12,B16,B59,44.72
R12,B17,B32,9.17
R12,B18,B08,19.15
R12,B19,B32,30.66
R12,B20,B03,57.50
R12,B20,B08,56.77
R12,B20,B10,174.64
R12,B20,B15,26.67
R12,B20,B22,25.51
R12,B20,B23,88.29
R12,B20,B28,13.92
R12,B20,B32,47.19
R12,B20,B33,7.22
R12,B20,B59,33.51
R12,B20,B60,95.09
R12,B21,B41,31.22
R12,B22,B59,100.69
R12,B23,B20,15.85
R12,B23,B41,34.71
R12,B25,B33,71.87
R12,B25,B41,39.54
R12,B26,B33,29.90
R12,B27,B32,35.24
R12,B28,B20,60.17
R12,B30,B33,9.77
R12,B30,B41,15.70
R12,B31,B08,32.08
R12,B32,B08,9.36
R12,B32,B11,631.25
R12,B32,B19,5.19
R12,B32,B20,21.64
R12,B32,B27,8.30
R12,B32,B29,22.38
R12,B32,B33,40.11
R12,B32,B34,276.03
R12,B32,B41,23.14
R12,B32,B48,6.17
R12,B32,B52,14.53
R12,B32,B55,23.86
R12,B33,B04,54.05
R12,B33,B06,55.93
R12,B33,B08,14.27
R12,B33,B11,19.72
R12,B33,B20,14.20
R12,B33,B24,15.96
R12,B33,B26,54.63
R12,B33,B32,70.31
R12,B33,B41,9.24
R12,B33,B43,74.48
R12,B33,B57,19.98
R12,B33,B59,9.30
R12,B34,B32,23.28
R12,B35,B41,2.62
R12,B36,B08,104.18
R12,B37,B08,64.04
R12,B37,B32,33.10
R12,B37,B41,26.76
R12,B38,B32,25.76
R12,B39,B33,9.05
R12,B40,B08,22.70
R12,B41,B08,10.94
R12,B41,B11,48.17
R12,B41,B13,22.51
R12,B41,B19,16.40
R12,B41,B20,9.39
R12,B41,B21,55.76
R12,B41,B22,20.79
R12,B41,B29,18.16
R12,B41,B32,98.87
R12,B41,B33,24.35
R12,B41,B37,4.36
R12,B41,B42,88.85
R12,B41,B49,9.05
R12,B41,B56,305.59
R12,B41,B59,4.50
R12,B42,B41,14.92
R12,B42,B59,12.11
R12,B43,B33,28.93
R12,B44,B20,24.78
R12,B44,B33,19.65
R12,B45,B08,9.72
R12,B45,B59,128.62
R12,B46,B08,54.56
R12,B46,B59,37.04
R12,B47,B08,32.13
R12,B47,B32,99.09
R12,B47,B41,10.54
R12,B48,B08,5.53
R12,B49,B20,157.11
R12,B50,B59,50.95
R12,B51,B59,2.17
R12,B52,B32,16.51
R12,B52,B41,270.48
R12,B55,B08,47.35
R12,B55,B32,7.73
R12,B58,B33,66.86
R12,B58,B59,9.10
R12,B59,B20,24.77
R12,B59,B22,74.67
R12,B59,B24,196.49
R12,B59,B26,10.68
R12,B59,B32,36.15
R12,B59,B41,7.85
R12,B59,B45,97.09
R12,B59,B46,86.51
R12,B59,B50,21.67
R12,B59,B51,17.62
