reseau_id,graine,ordre,banque_id
R01,0,1,B33
R01,0,2,B51
R01,0,3,B58
R01,0,4,B30
R01,0,5,B19
R01,1,1,B37
R01,1,2,B19
R01,1,3,B30
R01,1,4,B38
R01,1,5,B22
R01,2,1,B59
R01,2,2,B09
R01,2,3,B18
R01,2,4,B17
R01,2,5,B51
R01,3,1,B25
R01,3,2,B34
R01,3,3,B47
R01,3,4,B55
R01,3,5,B15
R01,4,1,B56
R01,4,2,B26
R01,4,3,B50
R01,4,4,B02
R01,4,5,B25
R01,5,1,B08
R01,5,2,B45
R01,5,3,B46
R01,5,4,B53
R01,5,5,B28
R01,6,1,B05
R01,6,2,B53
R01,6,3,B19
R01,6,4,B38
R01,6,5,B33
R01,7,1,B51
R01,7,2,B44
R01,7,3,B07
R01,7,4,B16
R01,7,5,B49
R01,8,1,B48
R01,8,2,B12
R01,8,3,B18
R01,8,4,B40
R01,8,5,B10
R01,9,1,B25
R01,9,2,B22
R01,9,3,B48
R01,9,4,B15
R01,9,5,B60
R02,0,1,B05
R02,0,2,B17
R02,0,3,B55
R02,0,4,B14
R02,0,5,B24
R02,1,1,B06
R02,1,2,B26
R02,1,3,B59
R02,1,4,B37
R02,1,5,B55
R02,2,1,B15
R02,2,2,B29
R02,2,3,B50
R02,2,4,B41
R02,2,5,B49
R02,3,1,B33
R02,3,2,B02
R02,3,3,B44
R02,3,4,B48
R02,3,5,B15
R02,4,1,B43
R02,4,2,B35
R02,4,3,B48
R02,4,4,B22
R02,4,5,B17
R02,5,1,B14
R02,5,2,B45
R02,5,3,B26
R02,5,4,B05
R02,5,5,B42
R02,6,1,B06
R02,6,2,B30
R02,6,3,B33
R02,6,4,B56
R02,6,5,B57
R02,7,1,B16
R02,7,2,B57
R02,7,3,B27
R02,7,4,B09
R02,7,5,B26
R02,8,1,B10
R02,8,2,B03
R02,8,3,B48
R02,8,4,B36
R02,8,5,B24
R02,9,1,B36
R02,9,2,B06
R02,9,3,B41
R02,9,4,B15
R02,9,5,B46
R03,0,1,B51
R03,0,2,B42
R03,0,3,B29
R03,0,4,B56
R03,0,5,B52
R03,1,1,B01
R03,1,2,B25
R03,1,3,B44
R03,1,4,B09
R03,1,5,B48
R03,2,1,B37
R03,2,2,B21
R03,2,3,B30
R03,2,4,B54
R03,2,5,B16
R03,3,1,B06
R03,3,2,B58
R03,3,3,B19
R03,3,4,B18
R03,3,5,B39
R03,4,1,B16
R03,4,2,B12
R03,4,3,B38
R03,4,4,B23
R03,4,5,B13
R03,5,1,B17
R03,5,2,B58
R03,5,3,B41
R03,5,4,B55
R03,5,5,B03
R03,6,1,B29
R03,6,2,B34
R03,6,3,B60
R03,6,4,B15
R03,6,5,B05
R03,7,1,B21
R03,7,2,B53
R03,7,3,B32
R03,7,4,B41
R03,7,5,B56
R03,8,1,B25
R03,8,2,B58
R03,8,3,B29
R03,8,4,B55
R03,8,5,B13
R03,9,1,B46
R03,9,2,B51
R03,9,3,B17
R03,9,4,B05
R03,9,5,B14
R04,0,1,B14
R04,0,2,B26
R04,0,3,B51
R04,0,4,B49
R04,0,5,B27
R04,1,1,B51
R04,1,2,B34
R04,1,3,B23
R04,1,4,B58
R04,1,5,B39
R04,2,1,B39
R04,2,2,B47
R04,2,3,B29
R04,2,4,B04
R04,2,5,B30
R04,3,1,B52
R04,3,2,B27
R04,3,3,B15
R04,3,4,B34
R04,3,5,B01
R04,4,1,B39
R04,4,2,B17
R04,4,3,B16
R04,4,4,B59
R04,4,5,B22
R04,5,1,B41
R04,5,2,B03
R04,5,3,B16
R04,5,4,B26
R04,5,5,B01
R04,6,1,B14
R04,6,2,B19
R04,6,3,B60
R04,6,4,B11
R04,6,5,B21
R04,7,1,B17
R04,7,2,B30
R04,7,3,B12
R04,7,4,B40
R04,7,5,B44
R04,8,1,B35
R04,8,2,B22
R04,8,3,B04
R04,8,4,B49
R04,8,5,B54
R04,9,1,B47
R04,9,2,B55
R04,9,3,B36
R04,9,4,B26
R04,9,5,B04
R05,0,1,B24
R05,0,2,B39
R05,0,3,B33
R05,0,4,B22
R05,0,5,B49
R05,1,1,B55
R05,1,2,B58
R05,1,3,B22
R05,1,4,B47
R05,1,5,B42
R05,2,1,B43
R05,2,2,B40
R05,2,3,B36
R05,2,4,B47
R05,2,5,B02
R05,3,1,B04
R05,3,2,B02
R05,3,3,B53
R05,3,4,B08
R05,3,5,B50
R05,4,1,B05
R05,4,2,B16
R05,4,3,B07
R05,4,4,B19
R05,4,5,B24
R05,5,1,B30
R05,5,2,B40
R05,5,3,B52
R05,5,4,B53
R05,5,5,B51
R05,6,1,B26
R05,6,2,B44
R05,6,3,B54
R05,6,4,B22
R05,6,5,B06
R05,7,1,B32
R05,7,2,B15
R05,7,3,B02
R05,7,4,B40
R05,7,5,B58
R05,8,1,B40
R05,8,2,B43
R05,8,3,B46
R05,8,4,B06
R05,8,5,B41
R05,9,1,B29
R05,9,2,B17
R05,9,3,B02
R05,9,4,B43
R05,9,5,B49
R06,0,1,B26
R06,0,2,B59
R06,0,3,B24
R06,0,4,B31
R06,0,5,B13
R06,1,1,B41
R06,1,2,B09
R06,1,3,B54
R06,1,4,B34
R06,1,5,B60
R06,2,1,B12
R06,2,2,B46
R06,2,3,B20
R06,2,4,B41
R06,2,5,B51
R06,3,1,B50
R06,3,2,B11
R06,3,3,B24
R06,3,4,B58
R06,3,5,B27
R06,4,1,B20
R06,4,2,B57
R06,4,3,B13
R06,4,4,B48
R06,4,5,B21
R06,5,1,B53
R06,5,2,B16
R06,5,3,B46
R06,5,4,B02
R06,5,5,B14
R06,6,1,B37
R06,6,2,B25
R06,6,3,B42
R06,6,4,B22
R06,6,5,B16
R06,7,1,B28
R06,7,2,B46
R06,7,3,B52
R06,7,4,B36
R06,7,5,B39
R06,8,1,B01
R06,8,2,B35
R06,8,3,B57
R06,8,4,B32
R06,8,5,B48
R06,9,1,B09
R06,9,2,B33
R06,9,3,B22
R06,9,4,B12
R06,9,5,B41
R07,0,1,B45
R07,0,2,B34
R07,0,3,B03
R07,0,4,B14
R07,0,5,B46
R07,1,1,B44
R07,1,2,B34
R07,1,3,B21
R07,1,4,B30
R07,1,5,B37
R07,2,1,B38
R07,2,2,B51
R07,2,3,B07
R07,2,4,B45
R07,2,5,B22
R07,3,1,B39
R07,3,2,B36
R07,3,3,B30
R07,3,4,B13
R07,3,5,B57
R07,4,1,B46
R07,4,2,B60
R07,4,3,B21
R07,4,4,B48
R07,4,5,B56
R07,5,1,B18
R07,5,2,B17
R07,5,3,B50
R07,5,4,B30
R07,5,5,B57
R07,6,1,B05
R07,6,2,B02
R07,6,3,B45
R07,6,4,B04
R07,6,5,B10
R07,7,1,B04
R07,7,2,B19
R07,7,3,B07
R07,7,4,B10
R07,7,5,B24
R07,8,1,B08
R07,8,2,B44
R07,8,3,B23
R07,8,4,B36
R07,8,5,B43
R07,9,1,B30
R07,9,2,B29
R07,9,3,B38
R07,9,4,B56
R07,9,5,B44
R08,0,1,B44
R08,0,2,B55
R08,0,3,B07
R08,0,4,B46
R08,0,5,B18
R08,1,1,B58
R08,1,2,B03
R08,1,3,B31
R08,1,4,B45
R08,1,5,B56
R08,2,1,B10
R08,2,2,B01
R08,2,3,B52
R08,2,4,B06
R08,2,5,B30
R08,3,1,B40
R08,3,2,B07
R08,3,3,B56
R08,3,4,B20
R08,3,5,B25
R08,4,1,B06
R08,4,2,B02
R08,4,3,B55
R08,4,4,B10
R08,4,5,B36
R08,5,1,B28
R08,5,2,B06
R08,5,3,B57
R08,5,4,B26
R08,5,5,B44
R08,6,1,B60
R08,6,2,B41
R08,6,3,B08
R08,6,4,B58
R08,6,5,B31
R08,7,1,B30
R08,7,2,B58
R08,7,3,B35
R08,7,4,B41
R08,7,5,B51
R08,8,1,B46
R08,8,2,B10
R08,8,3,B02
R08,8,4,B19
R08,8,5,B09
R08,9,1,B04
R08,9,2,B47
R08,9,3,B60
R08,9,4,B17
R08,9,5,B12
R09,0,1,B15
R09,0,2,B59
R09,0,3,B13
R09,0,4,B25
R09,0,5,B33
R09,1,1,B56
R09,1,2,B16
R09,1,3,B30
R09,1,4,B54
R09,1,5,B39
R09,2,1,B49
R09,2,2,B24
R09,2,3,B57
R09,2,4,B54
R09,2,5,B30
R09,3,1,B22
R09,3,2,B56
R09,3,3,B59
R09,3,4,B24
R09,3,5,B13
R09,4,1,B20
R09,4,2,B23
R09,4,3,B01
R09,4,4,B13
R09,4,5,B26
R09,5,1,B49
R09,5,2,B52
R09,5,3,B46
R09,5,4,B38
R09,5,5,B50
R09,6,1,B54
R09,6,2,B45
R09,6,3,B10
R09,6,4,B06
R09,6,5,B40
R09,7,1,B45
R09,7,2,B21
R09,7,3,B50
R09,7,4,B36
R09,7,5,B58
R09,8,1,B53
R09,8,2,B43
R09,8,3,B58
R09,8,4,B09
R09,8,5,B37
R09,9,1,B23
R09,9,2,B11
R09,9,3,B33
R09,9,4,B40
R09,9,5,B45
R10,0,1,B29
R10,0,2,B52
R10,0,3,B17
R10,0,4,B31
R10,0,5,B13
R10,1,1,B07
R10,1,2,B12
R10,1,3,B22
R10,1,4,B11
R10,1,5,B46
R10,2,1,B02
R10,2,2,B44
R10,2,3,B60
R10,2,4,B48
R10,2,5,B32
R10,3,1,B25
R10,3,2,B08
R10,3,3,B04
R10,3,4,B44
R10,3,5,B20
R10,4,1,B36
R10,4,2,B51
R10,4,3,B05
R10,4,4,B49
R10,4,5,B26
R10,5,1,B57
R10,5,2,B04
R10,5,3,B46
R10,5,4,B48
R10,5,5,B22
R10,6,1,B33
R10,6,2,B52
R10,6,3,B01
R10,6,4,B10
R10,6,5,B22
R10,7,1,B20
R10,7,2,B43
R10,7,3,B57
R10,7,4,B38
R10,7,5,B50
R10,8,1,B49
R10,8,2,B10
R10,8,3,B28
R10,8,4,B02
R10,8,5,B09
R10,9,1,B01
R10,9,2,B04
R10,9,3,B41
R10,9,4,B20
R10,9,5,B27
R11,0,1,B11
R11,0,2,B28
R11,0,3,B08
R11,0,4,B13
R11,0,5,B30
R11,1,1,B51
R11,1,2,B19
R11,1,3,B04
R11,1,4,B43
R11,1,5,B30
R11,2,1,B13
R11,2,2,B12
R11,2,3,B31
R11,2,4,B36
R11,2,5,B14
R11,3,1,B06
R11,3,2,B27
R11,3,3,B22
R11,3,4,B40
R11,3,5,B39
R11,4,1,B22
R11,4,2,B24
R11,4,3,B26
R11,4,4,B12
R11,4,5,B47
R11,5,1,B19
R11,5,2,B26
R11,5,3,B59
R11,5,4,B15
R11,5,5,B09
R11,6,1,B05
R11,6,2,B45
R11,6,3,B12
R11,6,4,B55
R11,6,5,B48
R11,7,1,B30
R11,7,2,B34
R11,7,3,B54
R11,7,4,B33
R11,7,5,B10
R11,8,1,B20
R11,8,2,B37
R11,8,3,B55
R11,8,4,B47
R11,8,5,B02
R11,9,1,B51
R11,9,2,B03
R11,9,3,B44
R11,9,4,B17
R11,9,5,B39
R12,0,1,B58
R12,0,2,B11
R12,0,3,B52
R12,0,4,B38
R12,0,5,B25
R12,1,1,B39
R12,1,2,B29
R12,1,3,B45
R12,1,4,B58
R12,1,5,B49
R12,2,1,B01
R12,2,2,B32
R12,2,3,B37
R12,2,4,B47
R12,2,5,B35
R12,3,1,B23
R12,3,2,B43
R12,3,3,B20
R12,3,4,B39
R12,3,5,B12
R12,4,1,B13
R12,4,2,B09
R12,4,3,B08
R12,4,4,B58
R12,4,5,B04
R12,5,1,B55
R12,5,2,B32
R12,5,3,B51
R12,5,4,B54
R12,5,5,B23
R12,6,1,B54
R12,6,2,B10
R12,6,3,B28
R12,6,4,B24
R12,6,5,B22
R12,7,1,B60
R12,7,2,B53
R12,7,3,B37
R12,7,4,B43
R12,7,5,B10
R12,8,1,B33
R12,8,2,B23
R12,8,3,B25
R12,8,4,B29
R12,8,5,B06
R12,9,1,B31
R12,9,2,B23
R12,9,3,B33
R12,9,4,B42
R12,9,5,B24
